SET search_path TO finhub;

INSERT INTO Usuario (CPF, Nome, Sobrenome, Email) VALUES
('11223344567', 'Carlos', 'Almeida', 'carlos.almeida@email.com'),
('33445566789', 'Fernanda', 'Pereira', 'fernanda.pereira@email.com'),
('55667788901', 'Gustavo', 'Mendes', 'gustavo.mendes@email.com'),
('66778899012', 'Patrícia', 'Nunes', 'patricia.nunes@email.com'),
('77889900123', 'Roberto', 'Cardoso', 'roberto.cardoso@email.com'),
('88990011234', 'Juliana', 'Silveira', 'juliana.silveira@email.com'),
('99001122345', 'Rafael', 'Rodrigues', 'rafael.rodrigues@email.com'),
('12312312312', 'Cláudia', 'Costa', 'claudia.costa@email.com'),
('23423423423', 'Marcos', 'Gomes', 'marcos.gomes@email.com'),
('34534534534', 'Simone', 'Teixeira', 'simone.teixeira@email.com');

INSERT INTO Usuario_Contas (id_conta, CPF) VALUES
(6, '11223344567'),
(7, '33445566789'),
(8, '55667788901'),
(9, '66778899012'),
(10, '77889900123'),
(11, '88990011234'),
(12, '99001122345'),
(13, '12312312312'),
(14, '23423423423'),
(15, '34534534534');

INSERT INTO Instituicoes_Financeiras (ID_Banco, Nome_Banco, CNPJ) VALUES
(6, 'Bradesco', '76234567890123'),
(7, 'BTG Pactual', '87654321000190'),
(8, 'XP Investimentos', '99887766000120'),
(9, 'Banrisul', '13572468000122'),
(10, 'Banco Safra', '98765434000100'),
(11, 'Banco Votorantim', '12309845000101'),
(12, 'Banestes', '56789012000113'),
(13, 'Banco Modal', '23456789000190'),
(14, 'Bacen', '33344455500100'),
(15, 'Banco PAN', '88999877000123');

INSERT INTO Conta_Corrente (ID, ID_Conta, ID_Banco, Agencia, Numero_Conta, Saldo, Tipo_Conta) VALUES
(6, 6, 6, '9999', '32165498-7', 1000.00, 'Corrente'),
(7, 7, 7, '8888', '45361237-1', 2000.50, 'Poupança'),
(8, 8, 8, '7777', '12398765-3', 500.75, 'Corrente'),
(9, 9, 9, '6666', '87654321-5', 300.25, 'Poupança'),
(10, 10, 10, '5555', '23487654-2', 800.00, 'Corrente'),
(11, 11, 11, '4444', '98761234-6', 10000.00, 'Poupança'),
(12, 12, 12, '3333', '99887766-0', 1500.00, 'Corrente'),
(13, 13, 13, '2222', '12345678-9', 1000.25, 'Corrente'),
(14, 14, 14, '1111', '23456789-7', 2500.00, 'Poupança'),
(15, 15, 15, '0000', '87654321-0', 5000.50, 'Corrente');

INSERT INTO Extrato (ID, ClienteCPF, NumeroConta, NomeEmpresa, DataTransacao, ValorTransacao, Classificacao) VALUES
(11, '11223344567', '32165498-7', 'Magazine Luiza', '2024-11-11', 150.00, 'Compras'),
(12, '33445566789', '45361237-1', 'Submarino', '2024-11-12', 200.00, 'Compras'),
(13, '55667788901', '12398765-3', 'Rappi', '2024-11-13', 50.00, 'Alimentacao'),
(14, '66778899012', '87654321-5', 'Cemig', '2024-11-14', 220.00, 'Contas'),
(15, '77889900123', '23487654-2', 'Netflix', '2024-11-15', 45.00, 'Entretenimento'),
(16, '88990011234', '99887766-0', 'Spotify', '2024-11-16', 30.00, 'Entretenimento'),
(17, '99001122345', '12345678-9', 'Amazon', '2024-11-17', 350.00, 'Compras'),
(18, '12312312312', '23456789-7', 'Uber', '2024-11-18', 60.00, 'Transporte'),
(19, '23423423423', '87654321-0', 'Facebook', '2024-11-19', 75.00, 'Outros'),
(20, '34534534534', '87654321-5', 'Google', '2024-11-20', 200.00, 'Outros'),
(21, '11223344567', '32165498-7', 'YouTube', '2024-11-21', 25.00, 'Entretenimento'),
(22, '33445566789', '45361237-1', 'Amazon Prime', '2024-11-22', 50.00, 'Entretenimento'),
(23, '55667788901', '12398765-3', 'Uber Eats', '2024-11-23', 80.00, 'Alimentacao'),
(24, '66778899012', '87654321-5', 'iFood', '2024-11-24', 45.00, 'Alimentacao'),
(25, '77889900123', '23487654-2', 'Banco Itaú', '2024-11-25', 1000.00, 'Contas'),
(26, '88990011234', '99887766-0', 'XP Investimentos', '2024-11-26', 150.00, 'Outros'),
(27, '99001122345', '12345678-9', 'Caixa Econômica', '2024-11-27', 300.00, 'Contas'),
(28, '12312312312', '23456789-7', 'Banco Santander', '2024-11-28', 200.00, 'Contas'),
(29, '23423423423', '87654321-0', 'PagSeguro', '2024-11-29', 100.00, 'Outros'),
(30, '34534534534', '87654321-5', 'Mercado Pago', '2024-11-30', 150.00, 'Outros'),
(31, '11223344567', '32165498-7', 'Vivo', '2024-12-01', 120.00, 'Contas'),
(32, '33445566789', '45361237-1', 'Amazon', '2024-12-02', 90.00, 'Compras'),
(33, '55667788901', '12398765-3', 'Submarino', '2024-12-03', 150.00, 'Compras'),
(34, '66778899012', '87654321-5', 'Restaurante Sabor', '2024-12-04', 75.00, 'Alimentacao'),
(35, '77889900123', '23487654-2', 'Mediprev', '2024-12-05', 500.00, 'Saude'),
(36, '88990011234', '99887766-0', 'Odeon Cinemas', '2024-12-06', 60.00, 'Entretenimento'),
(37, '99001122345', '12345678-9', 'Clube Fitness', '2024-12-07', 120.00, 'Entretenimento'),
(38, '12312312312', '23456789-7', 'Banco do Brasil', '2024-12-08', 250.00, 'Contas'),
(39, '23423423423', '87654321-0', 'Kangu', '2024-12-09', 40.00, 'Transporte'),
(40, '34534534534', '87654321-5', 'Pão de Açúcar', '2024-12-10', 120.00, 'Alimentacao'),
(41, '11223344567', '32165498-7', 'Spotify', '2024-12-11', 35.00, 'Entretenimento'),
(42, '33445566789', '45361237-1', 'Cinemark', '2024-12-12', 80.00, 'Entretenimento'),
(43, '55667788901', '12398765-3', 'Restaurante Sabor', '2024-12-13', 95.00, 'Alimentacao'),
(44, '66778899012', '87654321-5', 'Farmácia Pague Menos', '2024-12-14', 60.00, 'Saude'),
(45, '77889900123', '23487654-2', 'Magazine Luiza', '2024-12-15', 350.00, 'Compras'),
(46, '88990011234', '99887766-0', 'Livraria Cultura', '2024-12-16', 45.00, 'Compras'),
(47, '99001122345', '12345678-9', 'Outback', '2024-12-17', 180.00, 'Alimentacao'),
(48, '12312312312', '23456789-7', 'Viva Saúde', '2024-12-18', 200.00, 'Saude'),
(49, '23423423423', '87654321-0', 'Shell', '2024-12-19', 150.00, 'Transporte'),
(50, '34534534534', '87654321-5', 'Cinemark', '2024-12-20', 100.00, 'Entretenimento'),
(51, '11223344567', '32165498-7', 'Itaú', '2024-12-21', 230.00, 'Contas'),
(52, '33445566789', '45361237-1', 'Claro', '2024-12-22', 80.00, 'Contas'),
(53, '55667788901', '12398765-3', 'Oi', '2024-12-23', 150.00, 'Contas'),
(54, '66778899012', '87654321-5', 'Bradesco', '2024-12-24', 300.00, 'Contas'),
(55, '77889900123', '23487654-2', 'T-Mobile', '2024-12-25', 120.00, 'Contas'),
(56, '88990011234', '99887766-0', 'Netflix', '2024-12-26', 50.00, 'Entretenimento'),
(57, '99001122345', '12345678-9', 'Burguer King', '2024-12-27', 70.00, 'Alimentacao'),
(58, '12312312312', '23456789-7', 'Marina', '2024-12-28', 300.00, 'Transporte'),
(59, '23423423423', '87654321-0', 'Riachuelo', '2024-12-29', 180.00, 'Compras'),
(60, '34534534534', '87654321-5', 'Lojas Americanas', '2024-12-30', 240.00, 'Compras');